"time","","Armstrong/Hefner","","","","Brown","","","","Caldwell","","","","Cloudman","","","","Field","","","","Fitten","","","","Folk","","","","Freeman","","","","Glenn","","","","Hanson","","","","Harris","","","","Harrison","","","","Hopkins","","","","Howell","","","","Matheson","","","","Montag","","","","Perry","","","","Smith","","","","Towers","",""
"0.0","","226.0","0.0","0.0","","91.0","0.0","0.0","","158.0","0.0","0.0","","119.0","0.0","0.0","","126.0","0.0","0.0","","128.0","0.0","0.0","","156.0","0.0","0.0","","112.0","0.0","0.0","","351.0","0.0","0.0","","118.0","0.0","0.0","","94.0","0.0","0.0","","155.0","0.0","0.0","","134.0","0.0","0.0","","123.0","0.0","0.0","","152.0","0.0","0.0","","114.0","0.0","0.0","","122.0","0.0","0.0","","285.0","10.0","0.0","","266.0","0.0","0.0"
"1.0000000000000007","","225.98219848476748","0.015776376849254172","0.002025138383275461","","90.88609950400362","0.10046633779007423","0.01343415820633202","","157.99348748891865","0.005792556053742912","7.199550275484117E-4","","118.85883437437114","0.12455860297301866","0.016607022655954515","","125.86474205607686","0.11938883911280372","0.015869104810387016","","127.9843738990386","0.013824143585096184","0.0018019573762726668","","155.99865453135092","0.0012317642417504853","1.1370440743073041E-4","","111.98512158320649","0.013157228831248991","0.001721187962193919","","350.6024006144972","0.35089726340558425","0.046702122097277345","","117.87377398781098","0.1114164770701093","0.014809535118936077","","93.88447448928527","0.10191457501105972","0.013610935703679593","","154.81745310514924","0.1610730898810474","0.021473804969738258","","133.85481610786687","0.12814905502195678","0.017034837111260467","","122.85036095041465","0.13201170720200683","0.017627342383328765","","151.84077952704445","0.1405468827456185","0.018673590209958617","","113.98626802533883","0.012147532672874124","0.0015844419883211","","121.87244076085281","0.1125991300617257","0.01496010908540093","","273.7741066410932","16.88833633632115","4.337557022585717","","265.6993677594634","0.265320287942074","0.035311952594666275"
"2.0000000000000013","","225.9193151684131","0.06663253454990775","0.014052297036849914","","90.54254751188061","0.373190239118803","0.08426224900063432","","157.96790976211616","0.02670189165979417","0.005388346224066122","","118.42797674797714","0.46710057730820587","0.1049226747148464","","125.44679857153089","0.4521758056546543","0.1010256228144549","","127.93213420407103","0.0558157059718347","0.01205008995703844","","155.98907410569782","0.009399270986654232","0.0015266233156801135","","111.93604041024291","0.05254959502197302","0.011409994734997153","","349.38028806216425","1.3233634461085069","0.2963484917274347","","117.48375614995601","0.4219658914965609","0.09427795854749593","","93.53427004517432","0.38009613389785113","0.08563382092781219","","154.26013291916576","0.6041718183192104","0.13569526251512243","","133.40635288296465","0.4852221098304208","0.10842500720502853","","122.39641988569494","0.4926280971705233","0.11095201713446216","","151.34795849624962","0.5330377057693517","0.11900379798101383","","113.94046562462074","0.04895513029521507","0.010579245084003673","","121.4775973233332","0.42706092985300376","0.09534174681375573","","256.07722312527153","27.403878277905456","11.518898596822957","","264.77526862150995","1.000653133106314","0.22407824538400842"
"2.99999999999998","","225.7374679578887","0.20721636180173794","0.05531568030946655","","89.6752531590937","1.0254543274479893","0.29929251345838986","","157.88857791645046","0.08880784820411236","0.022614235345461975","","117.32877706878233","1.2956871601589053","0.37553577105889546","","124.36866360319311","1.2668370370491528","0.3644993597577488","","127.78713064614698","0.1670383083218636","0.045831045531035564","","155.9513571082165","0.040005411062297824","0.008637480721387385","","111.80120956963115","0.15575717061446664","0.04303325975428079","","346.24279875070044","3.691663192786272","1.065538056513573","","116.4777059404422","1.182150992329037","0.34014306722883647","","92.6462429530744","1.0486082789600952","0.3051487679654846","","152.8379256682075","1.6763067842822121","0.48576754751042056","","132.24990926005393","1.3589871941575165","0.3911035457886846","","121.24458716030425","1.3598601444876328","0.39555269520808745","","150.0746652469023","1.4954897243634524","0.42984502873437586","","113.81353215669402","0.14628663521803642","0.04018120808790532","","120.45741234581894","1.1982003153562315","0.3443873388247978","","230.37429608461755","41.808080915882144","22.817622999500166","","262.4027911828681","2.7915035742864602","0.8057052428456409"
"3.9999999999999587","","225.2645047111736","0.5623993479541214","0.17309594087208766","","87.71016276592746","2.4483842737741064","0.8414529602984697","","157.67081789716585","0.25443885199391003","0.07474325084036387","","114.81249332719361","3.123232197964617","1.0642744748419415","","121.87234513403878","3.0857876875648267","1.0418671783964368","","127.42270789415923","0.4383669396604222","0.13892516618022221","","155.83212124636378","0.13343686233330035","0.034441891303179165","","111.46536331885193","0.4052331706530791","0.12940351049493798","","339.01507052185883","8.950598795721636","3.0343306824194896","","114.14833912831344","2.87944112861877","0.9722197430678575","","90.62552793739839","2.513666909930391","0.8608051526712355","","149.58116271594946","4.041868866212397","1.3769684178382953","","129.5735719926585","3.3088503164160183","1.11757769092561","","118.62167550014162","3.2619218165441484","1.1164026833142784","","147.12129443034314","3.6485306523237","1.230174917333249","","113.49489275447117","0.3834546626382296","0.12165258289061903","","118.09103343364713","2.9233356267942727","0.9856309395585074","","197.10100944172396","58.569920567323614","39.32906999095219","","256.93717209945487","6.7683643306535926","2.2944635698917883"
"4.999999999999938","","224.12045467635053","1.402645087835303","0.4769002358141245","","83.66188559094626","5.275982222642984","2.0621321864107927","","157.12003118341676","0.6640805197386498","0.21588829684459157","","109.57544536361692","6.794796060072149","2.6297585763110574","","116.61065912392269","6.790948369321058","2.5983925067562943","","126.56756289887657","1.06079373698875","0.37164336413461485","","155.49990897910553","0.38678160932333844","0.11330941157125396","","110.68351809908758","0.9729219558269067","0.34355994508548987","","323.8713204081503","19.592660261095897","7.536019330753321","","109.23822888824974","6.337090018333322","2.4246810934170164","","86.44546251890745","5.437759844555716","2.116777636536828","","142.79970107638528","8.796955153782918","3.403343769831915","","123.93662971785926","7.2772971886570605","2.7860730934837235","","113.19090064558091","7.062145092231286","2.746954262187813","","140.88222322055057","8.04526229431363","3.072514485135863","","112.74773044911169","0.9271519100306479","0.3251176408577141","","113.09167333824622","6.446505587906616","2.461821073847022","","159.68731995151114","74.03289766678698","61.27978238170164","","245.48444281986735","14.816837323519783","5.698719856613113"
"5.9999999999999165","","221.52111235904917","3.272830929742605","1.2060567112082266","","76.2238022877577","10.229456293610031","4.546741418632298","","155.81814176269302","1.6127351941423127","0.5691230431646715","","99.86016902135971","13.293987676933757","5.845843301706659","","106.70518006280041","13.459568357551872","5.8352515796477435","","124.67904532089732","2.406583966074075","0.9143707130285568","","154.6557874400156","1.0154479726394003","0.3287645873452041","","108.96929863220898","2.1914057685982007","0.8392955991928243","","295.57515919143077","38.58232446305238","16.842516345516508","","99.99230063614284","12.56223962849712","5.4454597353600835","","78.7376007069267","10.579791508165625","4.682607784907628","","130.20939870258215","17.2221580802527","7.568443217165336","","113.33740976878485","14.409571529356802","6.2530187018584025","","103.16408145743065","13.75479986162566","6.081118680943604","","129.09976242723388","15.987679984750276","6.9125575880158445","","111.09795487932669","2.1026871649097596","0.7993579557635707","","103.64913792529995","12.8119333501765","5.538928724523431","","123.33151997459679","84.11998922377069","87.54849080163218","","224.08093128569396","29.181862082711252","12.73720663159502"
"6.999999999999895","","216.01217574382463","7.142135268404006","2.845688987771292","","64.60234617819172","17.357464820301345","9.040189001506972","","152.9494584518241","3.6560378516069667","1.39450369656902","","84.56368699183294","22.726248895320307","11.710064112846862","","90.84446874682524","23.337776981769927","11.817754271404834","","120.79224115657985","5.1063408170463696","2.101418026373752","","152.68137877463454","2.450964430169454","0.8676567951961354","","105.46518273980186","4.6186713470022704","1.91614591319585","","250.6921511182291","66.38586625583729","33.92198262593327","","85.17943867739093","21.790377167338924","11.030184155270224","","66.66631403511163","17.996966624798","9.336719340090328","","110.36154811599188","29.469329299634147","15.169122584374202","","96.39725471429212","24.949624797924113","12.653120487783836","","87.43388763263137","23.42986600253321","12.136246364835372","","110.15047637625013","27.81788905479002","14.031634568959861","","107.70015797602306","4.463191944235387","1.8366500797415917","","88.4592584009206","22.29632390642045","11.244417692658836","","92.20610676466696","86.83758459535859","115.95630863997407","","190.1190430753414","50.22399057861361","25.65696634604516"
"7.999999999999874","","205.3490104561493","14.378663342228423","6.272326201622131","","50.04842343613765","24.91942860582558","16.032147958036802","","147.14617332926528","7.66598487853683","3.1878417921980717","","65.33024902251582","32.78012187181956","20.88962910566476","","70.54849558003131","34.13655141211346","21.314953007855195","","113.52543401196921","9.964067674723044","4.510498313307652","","148.4537148470253","5.437679231961082","2.108605921013794","","98.95941308579971","8.953296083791194","4.087290830409079","","193.87669789726655","96.30337728712001","60.8199248156131","","66.20710708113218","31.892511126360958","19.9003817925069","","51.54383508133419","25.864913270867206","16.59125164779856","","85.3630533001967","42.55726269469344","27.079684005110103","","74.77403716987968","36.429056094096524","22.796906736023885","","67.68591091016178","33.72562894494168","21.588460144896533","","85.76707303671107","40.85678080181354","25.376146161475408","","101.33517178257706","8.721125424570273","3.9437027928526938","","68.90582429527917","32.75579601853891","20.338379686181824","","67.98618849017964","82.88894286257512","144.12486864724474","","147.1054515010109","72.88430790397686","46.01024059501249"
"8.999999999999853","","187.07541070257614","26.118554190595923","12.806035106827885","","35.8749203122944","29.944250576556293","25.18082911114936","","136.63383437114913","14.605491915843206","6.760673713007906","","46.60940159408904","39.45367944628181","32.93691895962931","","50.488434936167224","41.57199329102996","33.9395717728028","","101.62096051153077","17.429744647028937","8.949294841440183","","140.3025136704788","10.973871187481416","4.723615142039833","","88.38396526560318","15.554844029698117","8.061190704698687","","138.30692925179812","116.39864882513012","96.29442192307135","","47.43416875788671","38.86650231424658","31.699328927866787","","36.843444060028524","31.070186734916227","26.086369205055234","","60.9854629046465","51.28433211982102","42.730204975532814","","53.46107526988673","44.28238125746438","36.25654347264904","","48.44791845584126","40.57317398742297","33.978907556735706","","61.52535583141511","49.95680621952439","40.5178379490605","","90.87060574294009","15.295503118689737","7.833891138370254","","49.45700707010017","40.0633385395896","32.4796543903102","","50.39407159710155","74.42000815951539","170.18592024338272","","105.00881755503289","88.12768169250465","72.86350075246278"
"9.999999999999831","","160.36146989331274","41.73389483088477","23.904635275802324","","24.805490734822147","30.869903757596354","35.32460550758157","","120.1552364611407","24.691438393147","13.153325145712458","","32.04887372077738","40.65099712409913","46.30012915512371","","34.72099062521865","43.195643756619674","48.08336561816165","","85.18840296168204","26.627097930561042","16.184499107756853","","126.5486706702792","19.760381728892266","9.690947600828592","","73.9107326223207","23.59531326036535","14.493954117313999","","94.9837676802335","120.24127788311512","135.7749544366511","","32.66251873646261","40.41046551487804","44.92701574865941","","25.399671670876778","31.994294615464636","36.60603371365855","","41.9945306673276","52.895587555479075","60.10988177719375","","36.74984243690556","45.93989289836781","51.3102646647268","","33.44580405319706","41.829599777187575","47.72459616961525","","42.3758465244507","52.080426828309164","57.54372664724013","","76.35024367634783","23.454446851847155","14.195309471805174","","34.08696137638937","41.7774487605549","46.13558986305571","","38.21494812001946","63.75148529367156","193.03356658630864","","72.17095478268017","91.06870014885256","102.76034506846767"
"10.99999999999981","","128.18793173571927","57.49061051055494","40.32145775372576","","17.320608121586105","28.488613766712106","45.19077811170189","","98.65910529698338","36.1590704369947","23.18182426602214","","22.259387781796665","37.457428302812694","59.283183915390865","","24.06249822949065","40.01881315453316","61.91868861597617","","66.63453924501174","34.96465640069029","26.40080435429793","","107.02070745065534","30.970514570669412","18.008777978675255","","57.70691818221633","30.777857715173155","23.51522410261051","","65.84714444019642","110.946710906253","174.2061446535502","","22.66876997500424","37.457591546464926","57.873638478530985","","17.689126167318776","29.48608357657265","46.824790256108564","","29.211626999549253","48.778009110938605","77.01036388951262","","25.47344276192565","42.51095895738505","66.01559828068945","","23.326295711429616","38.58313292452901","61.09057136404128","","29.38635944201648","48.36781474365694","74.24582581432654","","59.854795625581254","30.930957015825488","23.214247358593358","","23.657701744282","38.80733525034657","59.53496300537141","","30.002519538642407","52.73538042506928","212.26210003628793","","50.07681661831621","84.05170409841467","131.87147928326954"
"11.999999999999789","","96.65337999987135","68.11673968606812","61.22988031406048","","12.58158069556689","24.460073989418927","53.95834531501427","","75.88943380495454","45.37674587051088","36.733820324534825","","16.095891439367495","32.103061651071734","70.80104690956098","","17.34061562825032","34.41361924055875","74.24576513119086","","49.51281041629389","39.65677543162527","38.8304141520808","","84.456315837577","41.51839680691222","30.025287355510816","","42.8556792746167","34.719203307538926","34.42511741784433","","47.51840531739703","95.14818879039011","208.33340589221257","","16.362184046574498","32.22376276434484","69.41405318908079","","12.822503790079324","25.28390357855285","55.89359263136787","","21.157378807381974","41.82909436403913","92.01352682857933","","18.369531367393762","36.525793997306344","79.10467463529996","","16.934966097230884","33.10415170349707","72.96088219927198","","21.177820517339814","41.664454826192454","89.15772465646779","","44.54419815082659","35.222960089658486","34.232841759515","","17.065381144758977","33.43431397447398","71.50030488076693","","24.497482695192588","42.536393159650565","227.96612414515647","","36.173994917898575","72.09754585427143","157.7284592278303"
"12.999999999999767","","70.83047933688991","70.80266198940377","84.36685867370637","","9.61847210145513","20.070572409336926","61.31095548920802","","56.0593047641143","49.413826311348174","52.52686892453781","","12.260585488447104","26.296397673801927","80.44301683775119","","13.159687377742586","28.2475137090204","84.59279891323695","","36.11573598446243","39.82376573469383","52.060498280843696","","63.277740352592474","47.81653992721636","44.90571972019116","","31.284232556956553","34.731373683441426","45.984393759601964","","36.12813827305073","77.9572366937481","236.914625033201","","12.437410839283046","26.458406676453365","79.10418248426373","","9.787216401878988","20.723149525312675","63.489634072808386","","16.142626276393145","34.27801971246152","104.57935401114571","","13.953266516614642","29.963297356636918","90.08343612674848","","12.94683848904616","27.14462645515046","82.90853505580338","","16.06691907912404","34.240562186059755","101.69251873481625","","32.51122716370322","35.485379125439586","46.00339371085724","","12.95973200289645","27.480558909138182","81.55970908796525","","20.777722022976157","33.703026112172196","240.5192518648513","","27.53174794287782","59.080932044452794","179.3873200126698"
"13.999999999999746","","52.16029400313346","66.63771844454737","107.20198755231912","","7.738334518909783","16.005575299076607","67.25609018201368","","41.14986059304028","48.1034552002762","68.74668420668372","","9.83648691779326","20.937184719588014","88.226328362619","","10.520872556359807","22.519928314542824","92.95919912909729","","26.69231026009718","36.56697114464882","64.74071859525394","","46.49965358233873","48.55014910131048","60.950197316350796","","23.159221060528974","31.812074222101085","57.02870471736992","","28.938820665064114","62.071781474395664","259.9893978605401","","9.958820433497689","21.09944483847666","86.94173472802578","","7.864992560827957","16.509860919447767","69.62514651972435","","12.971245056984278","27.30188900732317","114.72686593569294","","11.166267168184808","23.87761985134471","98.95611298047055","","10.419980149445422","21.633376439376992","90.94664341117759","","12.839651112974849","27.32191398078062","111.83843490624454","","24.02403284880678","32.66000985222578","57.3159572989675","","10.366419413334441","21.93054827686411","89.70303230980132","","18.227214393476597","26.370141081565993","250.40264452495708","","22.075153871673812","47.04877468393682","196.87607144438988"
"14.999999999999725","","39.52372692956365","58.539101103679386","127.93717196675694","","6.515104957803336","12.531984248777412","71.9529107934193","","30.86315974766557","43.24234964773036","83.8944906046042","","8.264255429794517","16.36969264623819","94.36605192396758","","8.812329678558257","17.621809084407236","99.56586123703434","","20.395641177966155","31.584169743049447","76.02018907898427","","34.5828345471769","44.94371953653684","76.47344591628627","","17.730518097286357","27.435781732136057","66.8337001705776","","24.28179702027029","48.5270894647781","278.1911135149515","","8.352998205046156","16.514563694292793","93.13243810066113","","6.616241132002303","12.915812900196524","74.46794596780128","","10.913077880605739","21.352691632495766","122.73423048689885","","9.361583792645007","18.678420302542584","105.95999590481243","","8.777550582005775","16.92919427984221","97.29325513815208","","10.749750225766414","21.3937268960033","119.8565228782304","","18.34508252216335","28.256115961274823","67.39880151656185","","8.68644393168969","17.174252521358245","96.13930354695194","","16.449560484305014","20.449361616261076","258.10107789943345","","18.53922013877082","36.787372983907765","210.67340687732198"
"15.999999999999703","","31.16004155975061","49.11505015320694","145.7249082870425","","5.6978305257024","9.69426916391609","75.60790031038161","","24.0149613659283","36.846054017401926","97.13898461666987","","7.216414214262896","12.64628993772136","99.13729584801601","","7.675562986115692","13.620966630367555","104.70347038351659","","16.242883171708037","26.196092824853846","85.56102400343805","","26.55601832428335","39.06342019798157","90.38056147773516","","14.147300558655193","22.735159763791792","75.11753967755303","","21.18138888171705","37.48424224912554","292.33436886915723","","7.28389116548307","12.768303888549287","97.94780494596783","","5.7828845623893015","9.98361302530476","78.23350241230608","","9.540524453022007","16.50073749466207","128.95873805231628","","8.160588651752265","14.43437430094851","111.40503704729932","","7.680851585278202","13.08957921429023","102.22956920043168","","9.359198709257686","16.545338215464163","126.09546307527822","","14.597791828145384","23.46288334772939","75.93932482412525","","7.568221738021646","13.283745944618323","101.14803231735989","","15.19122344735117","15.756853261172461","264.051923291476","","16.18426684100409","28.41992203209832","221.39581112689802"
"16.999999999999858","","25.60698465446692","39.974905247315554","160.41811009821765","","5.13840733514675","7.4379875996171","78.42360506523625","","19.474698165583543","30.304531172195798","108.22077066222067","","6.5006047464177135","9.691122782632238","102.80827247095036","","6.900165312373363","10.441745040435736","108.6580896471907","","13.482045144190696","21.151756404914494","93.36619845089467","","21.22682362577044","32.56295739915942","102.21021897507016","","11.762394855290543","18.347896644727005","81.88970849998256","","19.065312655277413","28.720193609174164","303.2144937355482","","6.554208792755984","9.790493075479663","101.65529813176455","","5.2129811752530975","7.654728342561263","81.13229048218572","","8.60234807617645","12.648423356437343","133.7492285673865","","7.3411798741305745","11.063366245334345","115.59545388053519","","6.930449902641751","10.038872447924627","106.03067764943376","","8.410702617552483","12.689140977268343","130.90015640517922","","12.106405464458703","18.960544430215265","82.93305010532605","","6.80520974945583","10.188990016358746","105.00580023418533","","14.28837908314059","12.084991673882815","268.62662924297626","","14.576388316387476","21.77813994494641","229.64547173866657"
"18.000000000000014","","21.864033064612","31.88210818528858","172.2538587500995","","4.747552480142268","5.6746145135903285","80.5778330062675","","16.42862287887924","24.345125566535017","117.2262515545858","","6.0013038930451215","7.385158977489129","105.61353712946607","","6.359973551675814","7.959033137175424","111.68099331114854","","11.614873562335987","16.774175866727365","99.6109505709365","","17.664409223838998","26.403162921767688","111.93242785439338","","10.147585906534058","14.546551564367933","87.30586252909808","","17.59036157361087","21.882299135022915","311.5273392913659","","6.045598506229493","7.464416284835989","104.48998520893473","","4.8151042614393855","5.836275362876682","83.348620375684","","7.947601688831623","9.641391662415174","137.4110066487533","","6.770199112142346","8.431698330406205","118.79810255745157","","6.4063037836875685","7.656031092242683","108.93766512406982","","7.749929892130904","9.67571481547711","134.57435529239208","","10.421749629181909","15.045661241805355","88.53258912901269","","6.2734879069210585","7.770269417513802","107.95624267556504","","13.633283418529563","9.237368510264915","272.12934807120524","","13.455301325514471","16.59530299269606","235.9493956817899"
"19.00000000000017","","19.292954620509462","25.079318738644755","181.62772664084582","","4.469882518698394","4.312054341781175","82.21806313952048","","14.347863168674904","19.249464471492793","124.40267235983234","","5.647073198177149","5.605827421249283","107.74709938057386","","5.977116501796484","6.042358185665155","113.98052531253813","","10.327306412121551","13.140110695934005","104.53258289194427","","15.244313750667763","21.014393824950762","119.74129242438157","","9.032859754419029","11.393555572051739","91.57358467352937","","16.544576590739645","16.606894356728745","317.84852905253115","","5.684965377430829","5.668182895521419","106.64685172704802","","4.532623756822756","4.432274461060292","85.03510178211704","","7.4828871120480835","7.320375140747502","140.19673774720448","","6.365446518027222","6.400487839479855","121.23406564249302","","6.034021912305362","5.815721445011553","111.15025664268319","","7.281612815326131","7.348068102698321","137.37031908197568","","9.260318515051367","11.791591329129169","92.94809015581944","","5.896534759086309","5.901738439835554","110.20172680107804","","13.153627570614004","7.043006385912156","274.80336604347383","","12.660201606807671","12.596176199721944","240.74362219347077"
"20.000000000000327","","17.493611309163956","19.540387115522677","188.96600157531353","","4.269996016672295","3.2673292730258954","83.46267471030185","","12.899440764993654","15.054821731910723","130.0457375030957","","5.392366079665979","4.243284597311279","109.36434932302299","","5.702041682278102","4.574159523635816","115.72379879408591","","9.422921834987545","10.205689592622113","108.37138857239013","","13.56930067624765","16.51416447643085","125.91653484732163","","8.249162695430028","8.848782102465957","94.90205520210418","","15.792977810306375","12.567945941334028","322.6390762483593","","5.42576432785829","4.291885820400257","108.2823498517417","","4.329384237267673","3.356543452223115","86.31407231050935","","7.148617638429591","5.542503021279229","142.30887934029127","","6.074600710976956","4.844819737273285","123.08057955174992","","5.766080602520175","4.405293188151817","112.82862620932814","","6.945130292096696","5.564264545894263","139.49060516200925","","8.44472351293141","9.161714289454556","96.39356219761396","","5.625638097035374","4.469589196882957","111.90477270608157","","12.799903171178787","5.359833978688383","276.84026285013283","","12.088642946725994","9.533923036908325","244.37743401636607"
"21.000000000000483","","16.213313004515538","15.122447538014661","194.6642394574698","","4.124610999040429","2.4706167016246","84.40477229933502","","11.873628410191646","11.684243941001915","134.44212764880638","","5.207292675407617","3.205427869137099","110.58727945545547","","5.502289059055749","3.4555819626962108","117.04212897824786","","8.777412039583755","7.878713935120516","111.34387402529553","","12.389140006892887","12.863131681127058","130.7477283119801","","7.689367272079522","6.831293732092782","97.47933899582785","","15.247074938494974","9.492064579139102","326.2608604823654","","5.237484237817864","3.2430597404171237","109.51945602176521","","4.1816309094625534","2.5367209997847118","87.28164809075284","","6.905663166100259","4.187901701908827","143.90643513199086","","5.86337647554875","3.6597602066995103","124.47686331775193","","5.571236164001441","3.330101612211927","114.09866222378676","","6.700774821263911","4.204718608851239","141.09450656988494","","7.862704408092508","7.074918138761427","99.06237745314591","","5.428877585384214","3.3779157882580386","113.19320662635772","","12.537586298094785","4.073130576008771","278.3892831258963","","11.673434737018562","7.2015134369918306","247.12505182599006"
"22.00000000000064","","15.289537409483113","11.646967644411326","199.0634949461055","","4.018020829691142","1.8653658131849171","85.11661335712401","","11.136304289145041","9.01881503345997","137.8448806773949","","5.071724664339172","2.4178564968641614","111.51041883879687","","5.356034636533564","2.6066367299580047","118.03732863350822","","8.310489549259678","6.055890855359235","113.63361959538088","","11.544559318618042","9.956478942795405","134.4989617385865","","7.284190565942495","5.251085221474382","99.46472421258323","","14.847328987056496","7.158426641803631","328.994244371139","","5.099598083440995","2.4468561424606428","110.45354577409852","","4.073351054144638","1.914291869703798","88.01235707615173","","6.727655983717075","3.1596883294543323","145.11265568682862","","5.708715015895088","2.7604554545357267","125.53082952956939","","5.428414946437063","2.513574896427153","115.05801015713591","","6.521852185324433","3.17254390016982","142.30560391450584","","7.4417723293523075","5.439451719932441","101.11877595071513","","5.284785644739406","2.549002885718955","114.16621146954157","","12.342214880844727","3.0919745824365115","279.5658105367188","","11.369350724443828","5.431689652922476","249.198959622634"
"23.000000000000796","","14.615387195546008","8.938836567108313","202.44577623734568","","3.939394409036712","1.4068329875602326","85.6537726034031","","10.59985103278814","6.933943949761434","140.46620501745036","","4.971802824482161","1.821826638228057","112.20637053728997","","5.248272310596225","1.964102484082973","118.78762520532058","","7.969086031777351","4.640083549774734","115.39083041844766","","10.932209562219537","7.671821891107627","137.39596854667275","","6.987781143351507","4.023755700356266","100.98846315629233","","14.552774882020843","5.3927068438148975","331.0545182741634","","4.997983346499793","1.844095467854878","111.15792118564544","","3.9935099901879294","1.4430146364034293","88.5634753734088","","6.596430342718485","2.3813355076021026","146.02223414967955","","5.594756413017434","2.079867269980116","126.32537631700262","","5.323086694077973","1.895177726169478","115.78173557975269","","6.390009051936048","2.3910938797952026","143.21889706826892","","7.1340294606391845","4.168684175136241","102.69728636422454","","5.178597257015512","1.9213598556409826","114.90004288734337","","12.196221834361333","2.3452142345288265","280.4585639311098","","11.145262223606645","4.092388285999302","250.76234949039448"
"24.000000000000952","","14.118927612784516","6.8427797911456","205.03829259606988","","3.881124503289494","1.0601489005076985","86.05872659620287","","10.205711761963924","5.315632531690081","142.47865570634593","","4.897805695024485","1.3716385753275797","112.73055572964812","","5.168488159005226","1.4787634808150087","119.35274836017955","","7.717315076289379","3.5470204920138015","116.73566443169655","","10.48351930702066","5.891937810036754","139.62454288294236","","6.769098417603589","3.0761819782444055","102.15471960415206","","14.334695608668746","4.05931534104102","332.6059890502894","","4.922740221876582","1.388693356277336","111.68856642184622","","3.9343620134091273","1.0868888844280153","88.97874910216294","","6.4992376570866215","1.7932861508395466","146.70747619207393","","5.510385714668591","1.5658240999787414","126.92379018535279","","5.24504713439423","1.427764222430707","116.32718864317519","","6.292387048066649","1.8006605346675335","143.906952417266","","6.9070970899160224","3.187293858949145","103.90560905113477","","5.099964882500832","1.4470775070343787","115.45295761046467","","12.08685187519963","1.7776600427144469","281.13548808208577","","10.979340815299249","3.080872458082016","251.93978672661913"
"25.00000000000111","","13.750706518586037","5.228276422357188","207.02101705905682","","3.837787489231283","0.7984156406269554","86.36379687014183","","9.913886165940376","4.066330745189595","144.01978308886996","","4.842810056729839","1.0320936959531544","113.1250962473172","","5.109201518714961","1.1126964598554947","119.77810202142933","","7.530395728427072","2.7067874570967208","117.7628168144759","","10.151972088404673","4.514015191170456","141.33401272042477","","6.606686955944863","2.3477416835043297","103.0455713605508","","14.172650604061737","3.053840753941862","333.77350864199565","","4.8668220231768045","1.0451285518316904","112.08804942499164","","3.89038759972691","0.8181680770741644","89.29144432319895","","6.4269951062749","1.3496523861631535","147.22335250756217","","5.4476930456484025","1.1781337962421798","127.3741731581095","","5.187021849681001","1.0749854757153001","116.7379926746038","","6.219837709630059","1.3552104680003714","144.42495182236982","","6.738623698885601","2.432706436825285","104.82866986428907","","5.041524586713121","1.089213271939945","115.8692621413468","","12.004761126631179","1.3467737353587599","281.64846513801007","","10.856045119783829","2.318015804823515","252.8259390753931"
"26.000000000001265","","13.476077026421617","3.989055226992998","208.53486774658543","","3.805469783406531","0.6010309091395575","86.59349930745394","","9.696505216267086","3.105715405640538","145.19777937809238","","4.801825170320249","0.776268670708407","113.42190615897151","","5.065023750502919","0.8368856666938338","120.09809058280307","","7.390898798811886","2.0629469622352965","118.5461542389525","","9.905360595947055","3.4521162372971235","142.64252316675558","","6.485444083022487","1.7895164177336647","103.72503949924382","","14.051911211153925","2.2964364810627322","334.6516523077827","","4.825150957983489","0.7862151740513371","112.38863386796535","","3.8576057910113613","0.6156160794369916","89.5267781295517","","6.373152886537793","1.0153231176283641","147.61152399583412","","5.400979745838772","0.8860496660460185","127.71297058811531","","5.143762409795641","0.809012606538123","117.04722498366631","","6.165771014448759","1.019506655693073","144.81472232985848","","6.612893184469662","1.8543627363838016","105.53274407914645","","4.997970709565867","0.8194845443024847","116.18254474613153","","11.9430565609176","1.0199183982736073","282.03702504080854","","10.764174236661265","1.7432979487624116","253.49252781457685"
"27.00000000000142","","13.270367781606517","3.040337776602337","209.68929444179133","","3.7813204355107897","0.45229347076335663","86.76638609372596","","9.533816942930986","2.3692223552287923","146.09696070184026","","4.7712186196979385","0.5836706060615583","113.64511077424068","","5.032035063955484","0.62924138619856","120.33872354984585","","7.286373445313084","1.5707446971971206","119.14288185748944","","9.72097982387101","2.63647521514146","143.6425449609873","","6.394573467640008","1.3627217074525781","104.24270482490738","","13.961761327491022","1.7263401066400281","335.3118985658684","","4.794032305142688","0.5912507861988721","112.61471690865865","","3.833117773880593","0.4630597516289004","89.70382247449061","","6.332942493988126","0.7635648964589887","147.9034926095531","","5.366100094103192","0.6661672072969252","127.96773269859997","","5.111446024598561","0.6086451457051512","117.27990882969631","","6.125393136551303","0.7667126419172222","145.1078942215318","","6.518681022092687","1.4121431153993202","106.06917586250789","","4.9654430654277295","0.6163481402850258","116.41820879428718","","11.896625173726136","0.7721382348285091","282.33123659144496","","10.695577341968978","1.31065613123627","253.99376652679535"
"28.000000000001577","","13.115771448165768","2.3154118244929482","210.5688167273414","","3.7632470991975855","0.34028031123423763","86.89647258956823","","9.411619302468829","1.8057743781111164","146.7826063194203","","4.748326686687241","0.43875597789209675","113.81291733542082","","5.007362251358132","0.4730069194707096","120.51963082917113","","7.207809827311458","1.1951172145064488","119.59707295818176","","9.582576355592778","2.011517127937844","144.40590651646917","","6.326258006640935","1.0369735492989438","104.63676844406014","","13.894345052519393","1.2974745338153728","335.8081804136645","","4.7707572137301675","0.4445267965475337","112.78471598972246","","3.814796908731325","0.3482255395916143","89.83697755167714","","6.302866293604256","0.57409475988223","148.12303894651362","","5.340015095010151","0.5007341694910035","128.15925073549894","","5.087267586360833","0.45778973151485725","117.45494268212438","","6.095190020332674","0.5764639620334364","145.3283460176341","","6.447866182066329","1.0745993421814075","106.47753447575214","","4.941111610801407","0.46345395123724487","116.59543443796123","","11.861658154897105","0.5843986877673791","282.5539431573352","","10.644278305959023","0.9851547880940351","254.37056690594747"
"29.000000000001734","","12.99929218360681","1.762277568296764","211.23843024809665","","3.7497053047038085","0.2559611657837693","86.99433352951252","","9.319579111646853","1.3754027672931903","147.30501812106021","","4.731184619422697","0.3297653460971882","113.93905003448027","","4.988886730724761","0.3555040768674393","120.65560919240777","","7.148619549558421","0.9088243847352268","119.94255606570593","","9.478366192059836","1.5335347660044116","144.98809904193564","","6.2747787297485536","0.7886672814797282","104.93655398877176","","13.84386942997128","0.9749878560998708","336.1811427139283","","4.753327925585208","0.334154911903521","112.91251716251146","","3.801073995833375","0.26182322465459956","89.93710277951212","","6.280343962680551","0.4315632285724264","148.2880928087471","","5.3204838660811635","0.376320260593332","128.30319587332556","","5.069156905508374","0.3442614403684072","117.58658165412331","","6.072570364132344","0.43334799443184946","145.4940816414361","","6.39451093974446","0.8172901575905293","106.78819890266489","","4.922889219652618","0.3484258304830446","116.72868494986429","","11.83530892678946","0.4422088763292767","282.72248219688095","","10.605869847349389","0.7403652682079955","254.65376488444306"
"30.00000000000189","","12.911360987776467","1.3406752152784394","211.74796379694527","","3.7395499333357196","0.1925097971334745","87.06794026953084","","9.25010580464978","1.0470710133187675","147.70282318203175","","4.718336720463571","0.24781871480681816","114.0338445647297","","4.975039204616803","0.2671586987477157","120.75780209663537","","7.103944399223382","0.6908308860519489","120.20522471472424","","9.399716793360316","1.1684602392714307","145.43182296736805","","6.235916828602581","0.5995741831213853","105.16450898827607","","13.80604341722567","0.7325678404228192","336.4613887423512","","4.740264425183108","0.2511552072607062","113.00858036755638","","3.79078599631297","0.19683402946260894","90.01237997422447","","6.263463441753605","0.32437611594417204","148.41216044230234","","5.305846524384583","0.2827840920386569","128.41136938357687","","5.0555794128633025","0.2588520800756518","117.6855685070611","","6.055614543148859","0.3257223071575925","145.61866314969387","","6.354237226898975","0.6213354603007922","107.0244273128002","","4.909229629808008","0.26191376407864586","116.82885660611325","","11.815444727713666","0.33455275061583695","282.85000252167","","10.577087071340276","0.5563317302539876","254.86658119840615"
